Workbook

Sheet Description
A1: Purpose | B1: Interactive sizing model for biomass productivity (P_V) and biomass yield on carbon (Y_X/C) using universal aqueous-system constraints (mass transfer, light delivery, hydrolysis/depolymerization). Outputs are formula-driven from scenario parameters.
A2: How to use | B2: 1) Edit blue input cells in 'Inputs' and 'Parameters'. 2) Allocate carbon streams in 'Routing'. 3) Read outputs in 'Theoretical' and/or 'Empirical' (carbon processing capacities) as well as 'Scenarios' (required reactor volume, biomass output).
A3: Units | B3: Carbon accounting is in kg_C/(person·year). Mechanism rates are per reactor volume (per L). Gas transfer uses Henry solubility constants (mol/(m^3·Pa)), tabulated at 298.15 K and van't Hoff-corrected to the operating temperature T_op, then converted internally to mol/(L·atm).
A4: Key assumptions | B4: Aqueous, near-ambient operation at 1 atm total and a user-set operating temperature T_op (default 303.15 K / 30°C; set T_op = 298.15 K to recover the 25°C reference). Two scenarios: Baseline and Aspirational. Modify kLa, partial pressures, utilization factors, hydrolysis/depolymerization constants, assimilation fractions, operating temperature, maintenance coefficients, and solids loadings to explore outcomes.
A5: Rate & yield corrections | B5: Three corrections apply to the theoretical (Mechanisms) layer only; the empirical (Pathways) layer already embeds them. High-solids penalty — solid-substrate rates fall above a total-solids threshold TS_ref_highsolids with slope beta_highsolids. Temperature — Henry's-law solubilities are van't Hoff-corrected from 298.15 K to T_op. Maintenance — assimilation fractions carry a Pirt penalty set by mu_growth and m_C_maint, lowering observed yield at low growth rate.
A7: CONS = Conservative Scenario (baseline, standard bioprocess assumptions)
A8: AGGR = Aggressive Scenario (intensified, high-performance but still aqueous/near-ambient)
A10: Volume-limited capacity | B10: The Volume_Limited sheet inverts the sizing question: given an installed reactor volume per route, how much of each carbon stream can be processed per year. Baseline scenario, Empirical model. Edit the Installed Volume column only.

Sheet Constants
A1: Constant | B1: Value | C1: Unit | D1: Notes / Source (URL) | E1: Hcp(298.15K) | F1: -d_solH/R [K]
A2: T_ref | B2: 298.15 | C2: K | D2: IUPAC standard temperature (25°C)
A3: atm_to_Pa | B3: 101325 | C3: Pa/atm | D3: definition
A4: L_per_m3 | B4: 1000 | C4: L/m^3 | D4: definition
A5: Hours_per_Day | B5: 24 | C5: h/d | D5: definition
A6: Days_per_Year | B6: 365 | C6: d/a | D6: definition
A7: Molar_Mass | B7: 12.011 | C7: g/mol | D7: IUPAC standard atomic weight for carbon
A8: Biomass_C_fraction | B8: 0.5 | C8: g_C/g_biomass | D8: typical microbial biomass is ~45–55% C [w/w]
A9: Cellulose_C_fraction | B9: 0.444 | C9: g_C/g_cellulose | D9: essentially the carbon content of glucose
A10: Plastic_C_fraction | B10: 0.625 | C10: g_C/g_polymer | D10: PET as single representative species
A11: Hscp_O2 | B11: =E11*EXP($F11*(1/Parameters!$C$39-1/$B$2)) -> 1.1964815e-05 | C11: mol/(m^3·Pa) | D11: https://henrys-law.org/henry/casrn/7782-44-7 | van't Hoff to T_op; 1500 K (Sander 2023) | E11: 1.3e-05 | F11: 1500
A12: Hscp_H2 | B12: =E12*EXP($F12*(1/Parameters!$C$39-1/$B$2)) -> 7.5746295e-06 | C12: mol/(m^3·Pa) | D12: https://henrys-law.org/henry/casrn/1333-74-0 | van't Hoff to T_op; 530 K (Sander 2023) | E12: 7.8e-06 | F12: 530
A13: Hscp_CH4 | B13: =E13*EXP($F13*(1/Parameters!$C$39-1/$B$2)) -> 1.2814102e-05 | C13: mol/(m^3·Pa) | D13: https://henrys-law.org/henry/casrn/74-82-8 | van't Hoff to T_op; 1600 K (Sander 2023) | E13: 1.4e-05 | F13: 1600
A14: Hscp_CO | B14: =E14*EXP($F14*(1/Parameters!$C$39-1/$B$2)) -> 9.0269147e-06 | C14: mol/(m^3·Pa) | D14: https://henrys-law.org/henry/casrn/630-08-0 | van't Hoff to T_op; 1300 K (Sander 2023) | E14: 9.7e-06 | F14: 1300
A15: Hscp_CO2 | B15: =E15*EXP($F15*(1/Parameters!$C$39-1/$B$2)) -> 0.00029772761 | C15: mol/(m^3·Pa) | D15: https://henrys-law.org/henry/casrn/124-38-9 | van't Hoff to T_op; 2400 K (Sander 2023) | E15: 0.00034 | F15: 2400

Sheet Inputs
A1: Mission Architecture / Carbon Accounting Inputs
A2: Crew Members | B2: 5.29 | C2: =B2 -> 5.29 | D2: Average fraction for rotating crews/year.
A3: Down-Time | B3: 0 | C3: =(1-B3)*Constants!B6 -> 365 | D3: System-wide average operating days/year.
A5: Carbon Stream | B5: kg_C/(person·a) | C5: kg_C/a | D5: Notes
A6: CO2 | B6: 107.5 | C6: =B6*$B$2 -> 568.675 | D6: Exhaled carbon dioxide.
A7: Wet_Organics | B7: 64.8 | C7: =B7*$B$2 -> 342.792 | D7: Wet organic waste (food residues + feces).
A8: Cellulose | B8: 116.114 | C8: =B8*$B$2 -> 614.24306 | D8: Cellulosic materials (e.g., clothing).
A9: Polyesters | B9: 42.645 | C9: =B9*$B$2 -> 225.59205 | D9: Polyester plastics (e.g., PET).
A10: Polyamides | B10: 15.225 | C10: =B10*$B$2 -> 80.54025 | D10: Polyamide plastics (e.g., Nylon).
A11: Recalc_Plastics | B11: 309.624 | C11: =B11*$B$2 -> 1637.911 | D11: Recalcitrant plastics (e.g. polyolefins).
B12: =SUM(B6:B11) -> 655.908 | C12: =SUM(C6:C11) -> 3469.7533

Sheet Parameters
A1: Scenario Parameters (edit blue cells)
A3: Parameter | B3: Unit | C3: Baseline | D3: Aspirational | E3: Notes | F3: BASE f_assim_max | G3: ASPI f_assim_max
A4: kLa_gas | B4: 1/h | C4: 120 | D4: 400 | E4: Overall gas-liquid mass transfer coefficient (used for all gases for simplicity).
A5: u_gas | B5: - | C5: 0.25 | D5: 0.4 | E5: Utilization factor for gas transfer capacity.
A6: u_otr | B6: - | C6: 0.6 | D6: 0.8 | E6: Utilization factor for oxygen transfer capacity (aerobic growth).
A7: p_O2_air | B7: atm | C7: 0.21 | D7: 0.21 | E7: O2 partial pressure when using air.
A8: p_H2_litho | B8: atm | C8: 0.2 | D8: 0.6 | E8: H2 partial pressure for aerobic lithoautotrophy.
A9: p_O2_litho | B9: atm | C9: 0.1 | D9: 0.1 | E9: O2 partial pressure for aerobic lithoautotrophy.
A10: p_CO2_litho | B10: atm | C10: 0.05 | D10: 0.2 | E10: CO2 partial pressure for aerobic lithoautotrophy.
A11: n_H2/C_fix_aero | B11: mol_H2 / mol_C | C11: 5 | D11: 3.5 | E11: Effective H2 per mol C fixed (electron-balance factor; tunable).
A12: p_CO_aceto | B12: atm | C12: 0.2 | D12: 0.5 | E12: CO partial pressure for anaerobic autotrophy (acetogen).
A13: p_CH4 | B13: atm | C13: 0.2 | D13: 0.4 | E13: CH4 partial pressure for aerobic methanotrophy.
A14: α_O2/CH4 | B14: mol_O2 / mol_CH4 | C14: 1.5 | D14: 1.5 | E14: Effective O2 requirement per CH4 consumed.
A15: α_O2/C | B15: mol_O2 / mol_C | C15: 1.2 | D15: 1.2 | E15: Effective O2 requirement per mol carbon consumed in aerobic heterotrophy.
... A29: β_highsolids | B29: - | C29: 4 | D29: 4 | E29: High-solids penalty slope: fractional rate loss per unit total-solids above threshold.
A30: f_assim_photo | B30: mol_C/mol_C | C30: =F30/(1+Parameters!$C$41*F30/(Constants!$B$8*Parameters!$C$40)) -> 0.546875 | D30: =G30/(1+Parameters!$D$41*G30/(Constants!$B$8*Parameters!$D$40)) -> 0.63432836 | E30: Fraction of consumed carbon ending in biomass (aerobic phototrophy); Pirt-observed. | F30: 0.7 | G30: 0.85
A31: f_assim_litho | B31: mol_C/mol_C | C31: =F31/(1+Parameters!$C$41*F31/(Constants!$B$8*Parameters!$C$40)) -> 0.60606061 | D31: =G31/(1+Parameters!$D$41*G31/(Constants!$B$8*Parameters!$D$40)) -> 0.63432836 | E31: Fraction of fixed carbon ending in biomass (aerobic lithoautotrophy); Pirt-observed. | F31: 0.8 | G31: 0.85
A32: f_assim_aceto | B32: mol_C/mol_C | C32: =F32/(1+Parameters!$C$41*F32/(Constants!$B$8*Parameters!$C$40)) -> 0.14150943 | D32: =G32/(1+Parameters!$D$41*G32/(Constants!$B$8*Parameters!$D$40)) -> 0.18518519 | E32: Fraction of fixed carbon ending in biomass (anaerobic lithoautotrophy); Pirt-observed. | F32: 0.15 | G32: 0.2
A33: f_assim_meth | B33: mol_C/mol_C | C33: =F33/(1+Parameters!$C$41*F33/(Constants!$B$8*Parameters!$C$40)) -> 0.45081967 | D33: =G33/(1+Parameters!$D$41*G33/(Constants!$B$8*Parameters!$D$40)) -> 0.51587302 | E33: Fraction of CH4-carbon ending in biomass (aerobic methanotrophy); Pirt-observed. | F33: 0.55 | G33: 0.65
A34: f_assim_hetero | B34: mol_C/mol_C | C34: =F34/(1+Parameters!$C$41*F34/(Constants!$B$8*Parameters!$C$40)) -> 0.45081967 | D34: =G34/(1+Parameters!$D$41*G34/(Constants!$B$8*Parameters!$D$40)) -> 0.51587302 | E34: Fraction of organics-carbon ending in biomass (aerobic heterotrophy); Pirt-observed. | F34: 0.55 | G34: 0.65
A35: f_assim_hydro | B35: mol_C/mol_C | C35: =F35/(1+Parameters!$C$41*F35/(Constants!$B$8*Parameters!$C$40)) -> 0.41666667 | D35: =G35/(1+Parameters!$D$41*G35/(Constants!$B$8*Parameters!$D$40)) -> 0.48387097 | E35: Fraction of solubilized polymer/cellulose carbon ending in biomass; Pirt-observed. | F35: 0.5 | G35: 0.6
A36: f_assim_thermo | B36: mol_C/mol_C | C36: 0 | D36: 0 | E36: Fraction of non-pyrolyzed polymer (char) carbon ending in biomass.
A37: mix_photo | B37: - | C37: 0.15 | D37: 0.35 | E37: Mixotrophy: multiplicative P_V uplift factor (lumps light/CO2 effects). Associated CO2 assimilation is neglected as negligible relative to the total CO2 pool.
A39: T_op | B39: K | C39: 303.15 | D39: 303.15 | E39: System operating temperature. van't Hoff-corrects all Henry's-law solubilities.
A40: mu_growth | B40: 1/h | C40: 0.1 | D40: 0.1 | E40: Specific growth rate for the Pirt maintenance correction; strongly sets the maintenance penalty magnitude.
A41: m_C_maint | B41: g_C/(g_X*h) | C41: 0.02 | D41: 0.02 | E41: Maintenance carbon coefficient (Pirt). Representative aerobic value; tune per chassis/literature.

Sheet Routing
A1: Carbon Stream Inter-Conversion and Coupling (edit blue cells; fractions in percent) | F1: Carbon Stream Routing and Allocations (edit blue cells; fractions in percent)
A3: Parameter | B3: Baseline | C3: Aspirational | D3: Notes | F3: Stream | G3: Mechanism; Limitation | H3: Baseline | I3: Aspirational | J3: Check-Sum ! ≤ 1
A4: f_WetOrg_to_AD | B4: 0.9 | C4: 0.5 | D4: Fraction of Wet_Organics routed to anaerobic digestion | F4: CO2_available | G4: Photoautotroph (aerobic); light (energy) | H4: 0.75 | I4: 0.25 | J4: =IF(($H$4+$H$5)=1,"OK","VIOLATION") -> OK | K4: =IF(($I$4+$I$5)=1,"OK","VIOLATION") -> OK
A5: eta_AD_C | B5: =Parameters!C20 -> 0.9 | C5: =Parameters!D20 -> 0.95 | D5: Carbon conversion efficiency of AD (rest to sludge) | G5: Lithoautotroph (aerobic); gas transfer (energy) | H5: 0.25 | I5: 0.75
A6: f_AD_to_VFA | B6: 0.6 | C6: 0.75 | D6: AD carbon partition to VFAs (of AD-processed carbon) | F6: CO_available | G6: Lithoautotroph (anaerobic); gas transfer (energy) | H6: 1 | I6: 1 | J6: =IF($H$6=1,"OK","VIOLATION") -> OK | K6: =IF($I$6=1,"OK","VIOLATION") -> OK
A7: f_AD_to_CH4 | B7: 0.1 | C7: 0.05 | D7: AD carbon partition to CH4 (of AD-processed carbon) | F7: CH4_available | G7: Methanotroph (aerobic); gas transfer (carbon) | H7: 1 | I7: 1 | J7: =IF($H$7=1,"OK","VIOLATION") -> OK | K7: =IF($I$7=1,"OK","VIOLATION") -> OK
A8: f_AD_to_CO2 | B8: 0.3 | C8: 0.2 | D8: AD carbon partition to CO2 (of AD-processed carbon) | F8: VFAs | G8: Heterotroph; OTR-limited | H8: 1 | I8: 1 | J8: =IF($H$8=1,"OK","VIOLATION") -> OK | K8: =IF($I$8=1,"OK","VIOLATION") -> OK
A9: f_RecPlastic_to_Pyrolysis | B9: 0.1 | C9: 0.9 | D9: Fraction of Recalc_Plastics routed to Pyrolysis | F9: Wet_Organics | G9: Heterotroph (aerobic); OTR-limited | H9: 0.75 | I9: 0.25 | J9: =IF(($H$9+$H$10)=1,"OK","VIOLATION") -> OK | K9: =IF(($I$9+$I$10)=1,"OK","VIOLATION") -> OK
A10: eta_Pyrolysis_C | B10: 0.74 | C10: 0.82 | D10: Carbon conversion efficiency of pyrolysis (rest to char) | G10: Mixotroph (aerobic); OTR-limited | H10: 0.25 | I10: 0.75
A11: f_Pyrolysis_to_CH4 | B11: 0.45186335 | C11: 0.599 | D11: Pyro carbon partition to CH4 (via Plas-Pyro or MAP, respectively) | F11: Cellulose | G11: Enzymatic; hydrolysis-limited | H11: 1 | I11: 1 | J11: =IF($H$11=1,"OK","VIOLATION") -> OK | K11: =IF($I$11=1,"OK","VIOLATION") -> OK
A12: f_Pyrolysis_to_CO | B12: 0.30900621 | C12: 0.258 | D12: Pyro carbon partition to CO (via Plas-Pyro or MAP, respectively) | F12: Polyesters | G12: Enzymatic; depolymerization-limited | H12: 1 | I12: 1 | J12: =IF($H$12=1,"OK","VIOLATION") -> OK | K12: =IF($I$12=1,"OK","VIOLATION") -> OK
A13: f_Pyrolysis_to_CO2 | B13: 0.23913043 | C13: 0.143 | D13: Pyro carbon partition to CO2 (via Plas-Pyro or MAP, respectively) | F13: Polyamides | G13: Enzymatic; depolymerization-limited | H13: 1 | I13: 1 | J13: =IF($H$13=1,"OK","VIOLATION") -> OK | K13: =IF($I$13=1,"OK","VIOLATION") -> OK
A14: f_CO2_to_Sabatier | B14: 0.5 | C14: 0.95 | D14: Fraction of available CO2 pool (Input+AD+Pyro) routed to Sabatier
A15: eta_Sabatier_C | B15: 0.9 | C15: 1 | D15: Carbon conversion efficiency of Sabatier (rest remains in CO2 pool)
F16: Derived Streams (one-pass, no feedback)
A17: Derived Streams (one-pass, no circular recursion)
F18: Stream | G18: Mechanism; Limitation | H18: kg_C/a (BASE) | I18: kg_C/a (ASPI) | J18: Notes | L18: Defined Bioreactor Volume (L)
A19: Stream | B19: kg_C/a (BASE) | C19: kg_C/a (ASPI) | D19: Definition (one-pass) | F19: =F4 -> CO2_available | G19: =G4 -> Photoautotroph (aerobic); light (energy) | H19: =H4*B$33 -> 255.35901 | I19: =I4*C$33 -> 9.6761942 | M19: 100
A20: WetOrg_to_AD | B20: =Inputs!$C$7*$B$4 -> 308.5128 | C20: =Inputs!$C$7*$C$4 -> 171.396 | D20: Wet_Organics routed to anaerobic digestion | G20: =G5 -> Lithoautotroph (aerobic); gas transfer (energy) | H20: =H5*B$33 -> 85.11967 | I20: =I5*C$33 -> 29.028583 | M20: 50
A21: AD_effective | B21: =B20*B5 -> 277.66152 | C21: =C20*C5 -> 162.8262 | D21: Carbon processed in anaerobic digestion | F21: CO_available | G21: =G6 -> Lithoautotroph (anaerobic); gas transfer (energy) | H21: =H6*B$28 -> 37.453225 | I21: =I6*C$28 -> 311.8648 | M21: 200
A22: VFAs_from_AD | B22: =B21*$B$6 -> 166.59691 | C22: =C21*$C$6 -> 122.11965 | D22: VFAs produced by anaerobic digestion | F22: =F7 -> CH4_available | G22: =G7 -> Methanotroph (aerobic); gas transfer (carbon) | H22: =H7*B$34 -> 388.96525 | I22: =I7*C$34 -> 1467.5903 | M22: 200
A23: CH4_from_AD | B23: =B21*$B$7 -> 27.766152 | C23: =C21*$C$7 -> 8.14131 | D23: CH4 produced by anaerobic digestion | F23: =F8 -> VFAs | G23: =G8 -> Heterotroph; OTR-limited | H23: =H8*B$22 -> 166.59691 | I23: =I8*C$22 -> 122.11965 | M23: 200
A24: CO2_from_AD | B24: =B21*$B$8 -> 83.298456 | C24: =C21*$C$8 -> 32.56524 | D24: CO2 produced by anaerobic digestion | F24: =F9 -> Wet_Organics | G24: =G9 -> Heterotroph (aerobic); OTR-limited | H24: =H9*B$35 -> 25.7094 | I24: =I9*C$35 -> 42.849 | M24: 200
A25: RecPlastics_to_Pyrolysis | B25: =Inputs!$C$11*B9 -> 163.7911 | C25: =Inputs!$C$11*C9 -> 1474.1199 | D25: Recalc_Plastics routed to Pyrolysis | G25: =G10 -> Mixotroph (aerobic); OTR-limited | H25: =H10*B$35 -> 8.5698 | I25: =I10*C$35 -> 128.547 | M25: 200
A26: Pyrolysis_effective | B26: =B25*$B$10 -> 121.20541 | C26: =C25*$C$10 -> 1208.7783 | D26: Carbon processed in Pyrolysis | F26: =F11 -> Cellulose | G26: =G11 -> Enzymatic; hydrolysis-limited | H26: =H11*Inputs!$C$8 -> 614.24306 | I26: =I11*Inputs!$C$8 -> 614.24306 | M26: 200
A27: CH4_from_Pyro | B27: =B26*$B$11 -> 54.768284 | C27: =C26*$C$11 -> 724.05819 | D27: CH4 produced by Pyrolysis | F27: =F12 -> Polyesters | G27: =G12 -> Enzymatic; depolymerization-limited | H27: =H12*Inputs!$C$9 -> 225.59205 | I27: =I12*Inputs!$C$9 -> 225.59205 | M27: 200
A28: CO_from_Pyro | B28: =B26*$B$12 -> 37.453225 | C28: =C26*$C$12 -> 311.8648 | D28: CO produced by Pyrolysis | F28: =F13 -> Polyamides | G28: =G13 -> Enzymatic; depolymerization-limited | H28: =H13*Inputs!$C$10 -> 80.54025 | I28: =I13*Inputs!$C$10 -> 80.54025 | M28: 4000
A29: CO2_from_Pyro | B29: =B26*$B$13 -> 28.983903 | C29: =C26*$C$13 -> 172.8553 | D29: CO2 produced by Pyrolysis
A30: CO2_pool_preSabatier | B30: =Inputs!$C$6+B24+B29 -> 680.95736 | C30: =Inputs!$C$6+C24+C29 -> 774.09554 | D30: CO2 exhaled + CO2 from AD + CO2 from Pyro
A31: CO2_to_Sabatier | B31: =B30*B14 -> 340.47868 | C31: =C30*C14 -> 735.39076 | D31: CO2 routed to Sabatier
A32: CH4_from_Sabatier | B32: =B31*B15 -> 306.43081 | C32: =C31*C15 -> 735.39076 | D32: CH4 produced by Sabatier
A33: CO2_available_effective | B33: =B30-B31 -> 340.47868 | C33: =C30-C31 -> 38.704777 | D33: Remaining CO2 pool after Sabatier
A34: CH4_available_effective | B34: =B23+B27+B32 -> 388.96525 | C34: =C23+C27+C32 -> 1467.5903 | D34: Accumulated CH4 from AD + Pyrolysis + Sabatier
A35: WetOrg_remaining | B35: =Inputs!$C$7-B20 -> 34.2792 | C35: =Inputs!$C$7-C20 -> 171.396 | D35: Remaining carbon of unprocessed Wet_Organics
A36: RecPlastics_remaining | B36: =Inputs!$C$11-B25 -> 1474.1199 | C36: =Inputs!$C$11-C25 -> 163.7911 | D36: Remaining carbon of unprocessed Recalc_Plastics
A37: Sludge_C | B37: =B20-B21 -> 30.85128 | C37: =C20-C21 -> 8.5698 | D37: Residual carbon from AD (sludge)
A38: Char_C | B38: =B25-B26 -> 42.585685 | C38: =C25-C26 -> 265.34158 | D38: Residual carbon from Pyrolysis (char)
A39: Gas_C | B39: =B31-B32 -> 34.047868 | C39: =C31-C32 -> 0 | D39: Residual carbon from Sabatier (carbon dioxide)

Sheet Theoretical
A1: Mechanism-Dependent BioProcess Parameter Calculations
A2: Scenario | C2: Baseline | G2: Aspirational
A3: Substrate | B3: Metabolic Mode | C3: C_cap [kg_C/(L·a)] | D3: P_V [g_biomass/(L·d)] | E3: Y_{X/C} [g_biomass/g_carbon] | F3: r_C [g/(L·d)] | G3: C_cap [kg_C/(L·a)] | H3: P_V [g_biomass/(L·d)] | I3: Y_{X/C} [g_biomass/g_carbon] | J3: r_C [g_C/(L·d)] | K3: Notes / Limiter
A4: CO2 | B4: Photoautotroph (aerobic, light-driven) | C4: =F4*Inputs!$C$3/1000 -> 0.05475 | D4: =(Parameters!$C$16*Parameters!$C$17/Constants!$B$4) -> 0.3 | E4: =(Parameters!$C$30/Constants!$B$8) -> 1.09375 | F4: =((Parameters!$C$16*Parameters!$C$17/Constants!$B$4)*Constants!$B$8) -> 0.15 | G4: =J4*Inputs!$C$3/1000 -> 0.38325 | H4: =(Parameters!$D$16*Parameters!$D$17/Constants!$B$4) -> 2.1 | I4: =(Parameters!$D$30/Constants!$B$8) -> 1.2686567 | J4: =((Parameters!$D$16*Parameters!$D$17/Constants!$B$4)*Constants!$B$8) -> 1.05 | K4: Light delivery (areal productivity × A/V).
A5: CO2 | B5: Lithoautotroph (aerobic, H2-oxidizer) | C5: =F5*Inputs!$C$3/1000 -> 0.096904184 | D5: =((MIN((Parameters!$C$4*((Constants!$B$15*Constants!$B$3/Constants!$B$4)*Parameters!$C$10)*Constants!$B$5*Parameters!$C$5),(MIN((Parameters!$C$4*((Constants!$B$12*Constants!$B$3/Constants!$B$4)*Parameters!$C$8)*Constants!$B$5*Parameters!$C$5),2*(Parameters!$C$4*((Constants!$B$11*Constants!$B$3/Constants!$B$4)*Parameters!$C$9)*Constants!$B$5*Parameters!$C$5))/Parameters!$C$11))*Constants!$B$7)*Parameters!$C$31/Constants!$B$8) -> 0.32180717 | E5: =(Parameters!$C$31/Constants!$B$8) -> 1.2121212 | F5: =(MIN((Parameters!$C$4*((Constants!$B$15*Constants!$B$3/Constants!$B$4)*Parameters!$C$10)*Constants!$B$5*Parameters!$C$5),(MIN((Parameters!$C$4*((Constants!$B$12*Constants!$B$3/Constants!$B$4)*Parameters!$C$8)*Constants!$B$5*Parameters!$C$5),2*(Parameters!$C$4*((Constants!$B$11*Constants!$B$3/Constants!$B$4)*Parameters!$C$9)*Constants!$B$5*Parameters!$C$5))/Parameters!$C$11))*Constants!$B$7) -> 0.26549091 | G5: =J5*Inputs!$C$3/1000 -> 1.1662396 | H5: =((MIN((Parameters!$D$4*((Constants!$B$15*Constants!$B$3/Constants!$B$4)*Parameters!$D$10)*Constants!$B$5*Parameters!$D$5),(MIN((Parameters!$D$4*((Constants!$B$12*Constants!$B$3/Constants!$B$4)*Parameters!$D$8)*Constants!$B$5*Parameters!$D$5),2*(Parameters!$D$4*((Constants!$B$11*Constants!$B$3/Constants!$B$4)*Parameters!$D$9)*Constants!$B$5*Parameters!$D$5))/Parameters!$D$11))*Constants!$B$7)*Parameters!$D$31/Constants!$B$8) -> 4.0535828 | I5: =(Parameters!$D$31/Constants!$B$8) -> 1.2686567 | J5: =(MIN((Parameters!$D$4*((Constants!$B$15*Constants!$B$3/Constants!$B$4)*Parameters!$D$10)*Constants!$B$5*Parameters!$D$5),(MIN((Parameters!$D$4*((Constants!$B$12*Constants!$B$3/Constants!$B$4)*Parameters!$D$8)*Constants!$B$5*Parameters!$D$5),2*(Parameters!$D$4*((Constants!$B$11*Constants!$B$3/Constants!$B$4)*Parameters!$D$9)*Constants!$B$5*Parameters!$D$5))/Parameters!$D$11))*Constants!$B$7) -> 3.1951771 | K5: Gas transfer (H2/O2/CO2) + electron balance; limited by min(CO2, H2, O2).
A6: CO | B6: Lithoautotroph (anaerobic, acetogen) | C6: =F6*Inputs!$C$3/1000 -> 0.57741821 | D6: =((Parameters!$C$4*((Constants!$B$14*Constants!$B$3/Constants!$B$4)*Parameters!$C$12)*Constants!$B$5*Parameters!$C$5)*Constants!$B$7)*Parameters!$C$32/Constants!$B$8 -> 0.44772671 | E6: =(Parameters!$C$32/Constants!$B$8) -> 0.28301887 | F6: =(Parameters!$C$4*((Constants!$B$14*Constants!$B$3/Constants!$B$4)*Parameters!$C$12)*Constants!$B$5*Parameters!$C$5)*Constants!$B$7 -> 1.5819677 | G6: =J6*Inputs!$C$3/1000 -> 7.6989095 | H6: =((Parameters!$D$4*((Constants!$B$14*Constants!$B$3/Constants!$B$4)*Parameters!$D$12)*Constants!$B$5*Parameters!$D$5)*Constants!$B$7)*Parameters!$D$32/Constants!$B$8 -> 7.8121862 | I6: =(Parameters!$D$32/Constants!$B$8) -> 0.37037037 | J6: =(Parameters!$D$4*((Constants!$B$14*Constants!$B$3/Constants!$B$4)*Parameters!$D$12)*Constants!$B$5*Parameters!$D$5)*Constants!$B$7 -> 21.092903 | K6: Gas transfer (CO) + low carbon assimilation fraction (energy-limited).
A7: CH4 | B7: Methanotroph (aerobic) | C7: =F7*Inputs!$C$3/1000 -> 0.53574133 | D7: =((MIN((Parameters!$C$4*((Constants!$B$13*Constants!$B$3/Constants!$B$4)*Parameters!$C$13)*Constants!$B$5*Parameters!$C$5),(Parameters!$C$4*((Constants!$B$11*Constants!$B$3/Constants!$B$4)*Parameters!$C$7)*Constants!$B$5*Parameters!$C$5)/Parameters!$C$14)*Constants!$B$7)*Parameters!$C$33/Constants!$B$8) -> 1.3234122 | E7: =(Parameters!$C$33/Constants!$B$8) -> 0.90163934 | F7: =(MIN((Parameters!$C$4*((Constants!$B$13*Constants!$B$3/Constants!$B$4)*Parameters!$C$13)*Constants!$B$5*Parameters!$C$5),(Parameters!$C$4*((Constants!$B$11*Constants!$B$3/Constants!$B$4)*Parameters!$C$7)*Constants!$B$5*Parameters!$C$5)/Parameters!$C$14)*Constants!$B$7) -> 1.4677845 | G7: =J7*Inputs!$C$3/1000 -> 2.8572871 | H7: =((MIN((Parameters!$D$4*((Constants!$B$13*Constants!$B$3/Constants!$B$4)*Parameters!$D$13)*Constants!$B$5*Parameters!$D$5),(Parameters!$D$4*((Constants!$B$11*Constants!$B$3/Constants!$B$4)*Parameters!$D$7)*Constants!$B$5*Parameters!$D$5)/Parameters!$D$14)*Constants!$B$7)*Parameters!$D$33/Constants!$B$8) -> 8.0766976 | I7: =(Parameters!$D$33/Constants!$B$8) -> 1.031746 | J7: =(MIN((Parameters!$D$4*((Constants!$B$13*Constants!$B$3/Constants!$B$4)*Parameters!$D$13)*Constants!$B$5*Parameters!$D$5),(Parameters!$D$4*((Constants!$B$11*Constants!$B$3/Constants!$B$4)*Parameters!$D$7)*Constants!$B$5*Parameters!$D$5)/Parameters!$D$14)*Constants!$B$7) -> 7.8281838 | K7: Gas transfer (CH4 and O2) using effective O2/CH4 requirement.
A8: VFAs | B8: Heterotroph (aerobic; OTR-capped) | C8: =F8*Inputs!$C$3/1000 -> 1.607224 | D8: =((((Parameters!$C$4*((Constants!$B$11*Constants!$B$3/Constants!$B$4)*Parameters!$C$7)*Constants!$B$5*Parameters!$C$6)/Parameters!$C$15)*Constants!$B$7)*Parameters!$C$34/Constants!$B$8) -> 3.9702367 | E8: =(Parameters!$C$34/Constants!$B$8) -> 0.90163934 | F8: =(((Parameters!$C$4*((Constants!$B$11*Constants!$B$3/Constants!$B$4)*Parameters!$C$7)*Constants!$B$5*Parameters!$C$6)/Parameters!$C$15)*Constants!$B$7) -> 4.4033534 | G8: =J8*Inputs!$C$3/1000 -> 7.1432177 | H8: =((((Parameters!$D$4*((Constants!$B$11*Constants!$B$3/Constants!$B$4)*Parameters!$D$7)*Constants!$B$5*Parameters!$D$6)/Parameters!$D$15)*Constants!$B$7)*Parameters!$D$34/Constants!$B$8) -> 20.191744 | I8: =(Parameters!$D$34/Constants!$B$8) -> 1.031746 | J8: =(((Parameters!$D$4*((Constants!$B$11*Constants!$B$3/Constants!$B$4)*Parameters!$D$7)*Constants!$B$5*Parameters!$D$6)/Parameters!$D$15)*Constants!$B$7) -> 19.570459 | K8: Oxygen transfer rate (OTR)-limited (defined soluble carbon).
A9: Wet_Organics | B9: Heterotroph (aerobic; OTR-capped) | C9: =F9*Inputs!$C$3/1000 -> 1.607224 | D9: =((((Parameters!$C$4*((Constants!$B$11*Constants!$B$3/Constants!$B$4)*Parameters!$C$7)*Constants!$B$5*Parameters!$C$6)/Parameters!$C$15)*Constants!$B$7)*Parameters!$C$34/Constants!$B$8) -> 3.9702367 | E9: =(Parameters!$C$34/Constants!$B$8) -> 0.90163934 | F9: =(((Parameters!$C$4*((Constants!$B$11*Constants!$B$3/Constants!$B$4)*Parameters!$C$7)*Constants!$B$5*Parameters!$C$6)/Parameters!$C$15)*Constants!$B$7) -> 4.4033534 | G9: =J9*Inputs!$C$3/1000 -> 7.1432177 | H9: =((((Parameters!$D$4*((Constants!$B$11*Constants!$B$3/Constants!$B$4)*Parameters!$D$7)*Constants!$B$5*Parameters!$D$6)/Parameters!$D$15)*Constants!$B$7)*Parameters!$D$34/Constants!$B$8) -> 20.191744 | I9: =(Parameters!$D$34/Constants!$B$8) -> 1.031746 | J9: =(((Parameters!$D$4*((Constants!$B$11*Constants!$B$3/Constants!$B$4)*Parameters!$D$7)*Constants!$B$5*Parameters!$D$6)/Parameters!$D$15)*Constants!$B$7) -> 19.570459 | K9: OTR-limited using α_O2/C (complex soluble carbon).
A10: Wet_Organics | B10: Mixotroph (aerobic; OTR-capped with uplift) | C10: =F10*Inputs!$C$3/1000 -> 1.607224 | D10: =(((((Parameters!$C$4*((Constants!$B$11*Constants!$B$3/Constants!$B$4)*Parameters!$C$7)*Constants!$B$5*Parameters!$C$6)/Parameters!$C$15)*Constants!$B$7)*Parameters!$C$34/Constants!$B$8)*(1+Parameters!$C$37)) -> 4.5657722 | E10: =((Parameters!$C$34/Constants!$B$8)*(1+Parameters!$C$37)) -> 1.0368852 | F10: =(((Parameters!$C$4*((Constants!$B$11*Constants!$B$3/Constants!$B$4)*Parameters!$C$7)*Constants!$B$5*Parameters!$C$6)/Parameters!$C$15)*Constants!$B$7) -> 4.4033534 | G10: =J10*Inputs!$C$3/1000 -> 7.1432177 | H10: =(((((Parameters!$D$4*((Constants!$B$11*Constants!$B$3/Constants!$B$4)*Parameters!$D$7)*Constants!$B$5*Parameters!$D$6)/Parameters!$D$15)*Constants!$B$7)*Parameters!$D$34/Constants!$B$8)*(1+Parameters!$D$37)) -> 27.258854 | I10: =((Parameters!$D$34/Constants!$B$8)*(1+Parameters!$D$37)) -> 1.3928571 | J10: =(((Parameters!$D$4*((Constants!$B$11*Constants!$B$3/Constants!$B$4)*Parameters!$D$7)*Constants!$B$5*Parameters!$D$6)/Parameters!$D$15)*Constants!$B$7) -> 19.570459 | K10: OTR-limited + multiplicative P_V uplift (mixo-photo).
A11: Wet_Organics | B11: Heterotroph (anaerobic; carbon basis) | C11: =F11*Inputs!$C$3/1000 -> 0.1825 | D11: 0 | E11: 0 | F11: =Parameters!C18/Parameters!C19 -> 0.5 | G11: =J11*Inputs!$C$3/1000 -> 0.73 | H11: 0 | I11: 0 | J11: =Parameters!D18/Parameters!D19 -> 2 | K11: Intermediate bioconversion unit (biomass not counted).
A12: Cellulose | B12: Heterotroph (hydrolysis-limited; carbon basis) | C12: =F12*Inputs!$C$3/1000 -> 0.4015 | D12: =((Parameters!$C$21*Parameters!$C$22*Parameters!$C$27)*MAX(0,1-Parameters!$C$29*MAX(0,(Parameters!$C$21/(Constants!$B$9*1000))-Parameters!$C$28))*Parameters!$C$35/Constants!$B$8) -> 0.91666667 | E12: =(Parameters!$C$35/Constants!$B$8) -> 0.83333333 | F12: =(Parameters!$C$21*Parameters!$C$22*Parameters!$C$27*MAX(0,1-Parameters!$C$29*MAX(0,(Parameters!$C$21/(Constants!$B$9*1000))-Parameters!$C$28))) -> 1.1 | G12: =J12*Inputs!$C$3/1000 -> 2.9213811 | H12: =((Parameters!$D$21*Parameters!$D$22*Parameters!$D$27)*MAX(0,1-Parameters!$D$29*MAX(0,(Parameters!$D$21/(Constants!$B$9*1000))-Parameters!$D$28))*Parameters!$D$35/Constants!$B$8) -> 7.7455972 | I12: =(Parameters!$D$35/Constants!$B$8) -> 0.96774194 | J12: =(Parameters!$D$21*Parameters!$D$22*Parameters!$D$27*MAX(0,1-Parameters!$D$29*MAX(0,(Parameters!$D$21/(Constants!$B$9*1000))-Parameters!$D$28))) -> 8.0037838 | K12: Solubilization/hydrolysis-limited on soluble carbon loading.
A13: Polyesters | B13: Depolymerization + Heterotroph (carbon basis) | C13: =F13*Inputs!$C$3/1000 -> 0.169725 | D13: =((Parameters!$C$23*Parameters!$C$24*Parameters!$C$27)*MAX(0,1-Parameters!$C$29*MAX(0,(Parameters!$C$23/(Constants!$B$10*1000))-Parameters!$C$28))*Parameters!$C$35/Constants!$B$8) -> 0.3875 | E13: =(Parameters!$C$35/Constants!$B$8) -> 0.83333333 | F13: =(Parameters!$C$23*Parameters!$C$24*Parameters!$C$27*MAX(0,1-Parameters!$C$29*MAX(0,(Parameters!$C$23/(Constants!$B$10*1000))-Parameters!$C$28))) -> 0.465 | G13: =J13*Inputs!$C$3/1000 -> 2.7393104 | H13: =((Parameters!$D$23*Parameters!$D$24*Parameters!$D$27)*MAX(0,1-Parameters!$D$29*MAX(0,(Parameters!$D$23/(Constants!$B$10*1000))-Parameters!$D$28))*Parameters!$D$35/Constants!$B$8) -> 7.2628645 | I13: =(Parameters!$D$35/Constants!$B$8) -> 0.96774194 | J13: =(Parameters!$D$23*Parameters!$D$24*Parameters!$D$27*MAX(0,1-Parameters!$D$29*MAX(0,(Parameters!$D$23/(Constants!$B$10*1000))-Parameters!$D$28))) -> 7.50496 | K13: Depolymerization-limited on insoluble carbon loading.
A14: Polyamides | B14: Depolymerization + Heterotroph (carbon basis) | C14: =F14*Inputs!$C$3/1000 -> 0.033945 | D14: =((Parameters!$C$23*Parameters!$C$25*Parameters!$C$27)*MAX(0,1-Parameters!$C$29*MAX(0,(Parameters!$C$23/(Constants!$B$10*1000))-Parameters!$C$28))*Parameters!$C$35/Constants!$B$8) -> 0.0775 | E14: =(Parameters!$C$35/Constants!$B$8) -> 0.83333333 | F14: =(Parameters!$C$23*Parameters!$C$25*Parameters!$C$27*MAX(0,1-Parameters!$C$29*MAX(0,(Parameters!$C$23/(Constants!$B$10*1000))-Parameters!$C$28))) -> 0.093 | G14: =J14*Inputs!$C$3/1000 -> 0.54786208 | H14: =((Parameters!$D$23*Parameters!$D$25*Parameters!$D$27)*MAX(0,1-Parameters!$D$29*MAX(0,(Parameters!$D$23/(Constants!$B$10*1000))-Parameters!$D$28))*Parameters!$D$35/Constants!$B$8) -> 1.4525729 | I14: =(Parameters!$D$35/Constants!$B$8) -> 0.96774194 | J14: =(Parameters!$D$23*Parameters!$D$25*Parameters!$D$27*MAX(0,1-Parameters!$D$29*MAX(0,(Parameters!$D$23/(Constants!$B$10*1000))-Parameters!$D$28))) -> 1.500992 | K14: Depolymerization-limited on insoluble carbon loading.
A16: Allocated Carbon Streams vs Infrastructure Sizing (Scenario Comparison)
A17: Scenario | B17: Baseline | E17: Aspirational
A18: Mechanism | B18: Carbon Stream [kg_C/a] | C18: Reactor Vol [L] | D18: Biomass [kg/a] | E18: Carbon Stream [kg_C/a] | F18: Reactor Vol [L] | G18: Biomass [kg/a] | H18: Notes
A19: CO2 | Photoautotroph (aerobic) | B19: =Routing!H19 -> 255.35901 | C19: =IFERROR(B19/$C$4,NA()) -> 4664.0915 | D19: =B19*Parameters!$C$30/Constants!$B$8 -> 279.29892 | E19: =Routing!I19 -> 9.6761942 | F19: =IFERROR(E19/$G$4,NA()) -> 25.247734 | G19: =E19*Parameters!$D$30/Constants!$B$8 -> 12.275769
A20: CO2 | Lithoautotroph (aerobic) | B20: =Routing!H20 -> 85.11967 | C20: =IFERROR(B20/$C$5,NA()) -> 878.39004 | D20: =B20*Parameters!$C$31/Constants!$B$8 -> 103.17536 | E20: =Routing!I20 -> 29.028583 | F20: =IFERROR(E20/$G$5,NA()) -> 24.890753 | G20: =E20*Parameters!$D$31/Constants!$B$8 -> 36.827306
A21: CO | Lithoautotroph (anaerobic) | B21: =Routing!H21 -> 37.453225 | C21: =IFERROR(B21/$C$6,NA()) -> 64.863255 | D21: =B21*Parameters!$C$32/Constants!$B$8 -> 10.599969 | E21: =Routing!I21 -> 311.8648 | F21: =IFERROR(E21/$G$6,NA()) -> 40.507659 | G21: =E21*Parameters!$D$32/Constants!$B$8 -> 115.50548
A22: CH4 | Methanotroph (aerobic) | B22: =Routing!H22 -> 388.96525 | C22: =IFERROR(B22/$C$7,NA()) -> 726.03181 | D22: =B22*Parameters!$C$33/Constants!$B$8 -> 350.70637 | E22: =Routing!I22 -> 1467.5903 | F22: =IFERROR(E22/$G$7,NA()) -> 513.63066 | G22: =E22*Parameters!$D$33/Constants!$B$8 -> 1514.1804
A23: VFAs | Heterotroph (aerobic) | B23: =Routing!H23 -> 166.59691 | C23: =IFERROR(B23/$C$8,NA()) -> 103.65507 | D23: =B23*Parameters!$C$34/Constants!$B$8 -> 150.21033 | E23: =Routing!I23 -> 122.11965 | F23: =IFERROR(E23/$G$8,NA()) -> 17.095888 | G23: =E23*Parameters!$D$34/Constants!$B$8 -> 125.99646
A24: Wet_Organics | Heterotroph (aerobic) | B24: =Routing!H24 -> 25.7094 | C24: =IFERROR(B24/$C$9,NA()) -> 15.996153 | D24: =B24*Parameters!$C$34/Constants!$B$8 -> 23.180607 | E24: =Routing!I24 -> 42.849 | F24: =IFERROR(E24/$G$9,NA()) -> 5.9985572 | G24: =E24*Parameters!$D$34/Constants!$B$8 -> 44.209286
A25: Wet_Organics | Mixotroph (aerobic) | B25: =Routing!H25 -> 8.5698 | C25: =IFERROR(B25/$C$10,NA()) -> 5.3320508 | D25: =B25*(Parameters!$C$34/Constants!$B$8)*(1+Parameters!$C$37) -> 8.8858992 | E25: =Routing!I25 -> 128.547 | F25: =IFERROR(E25/$G$10,NA()) -> 17.995672 | G25: =E25*(Parameters!$D$34/Constants!$B$8)*(1+Parameters!$D$37) -> 179.04761
A26: Wet_Organics | Heterotroph (anaerobic) | B26: =NA() -> #N/A | C26: =Routing!B20/Theoretical!C11 -> 1690.4811 | D26: 0 | E26: =NA() -> #N/A | F26: =Routing!C20/Theoretical!G11 -> 234.78904 | G26: 0
A27: Cellulose | Enzymatic | B27: =Routing!H26 -> 614.24306 | C27: =IFERROR(B27/$C$12,NA()) -> 1529.8706 | D27: =B27*Parameters!$C$35/Constants!$B$8 -> 511.86922 | E27: =Routing!I26 -> 614.24306 | F27: =IFERROR(E27/$G$12,NA()) -> 210.25777 | G27: =E27*Parameters!$D$35/Constants!$B$8 -> 594.42877
A28: Polyesters | Biochemical | B28: =Routing!H27 -> 225.59205 | C28: =IFERROR(B28/$C$13,NA()) -> 1329.1622 | D28: =B28*Parameters!$C$35/Constants!$B$8 -> 187.99337 | E28: =Routing!I27 -> 225.59205 | F28: =IFERROR(E28/$G$13,NA()) -> 82.353592 | G28: =E28*Parameters!$D$35/Constants!$B$8 -> 218.31489
A29: Polyamides | Biochemical | B29: =Routing!H28 -> 80.54025 | C29: =IFERROR(B29/$C$14,NA()) -> 2372.669 | D29: =B29*Parameters!$C$35/Constants!$B$8 -> 67.116875 | E29: =Routing!I28 -> 80.54025 | F29: =IFERROR(E29/$G$14,NA()) -> 147.00826 | G29: =E29*Parameters!$D$35/Constants!$B$8 -> 77.942177
A31: C_cap = volumetric carbon processing capacity (kg_C·L⁻¹·a⁻¹)
A32: P_V = biomass volumetric productivity (g_biomass·L⁻¹·d⁻¹)
A33: Y_X/C = biomass yield on carbon (g_biomass·g_C⁻¹)
A34: r_C = volumetric carbon processing rate (g_C·L⁻¹·d⁻¹)

Sheet Empirical
A1: Organism-Dependent BioProcess Parameters
A2: Scenario | C2: Baseline | G2: Aspirational
A3: Substrate | B3: Metabolic Mode | C3: C_cap [kg_C/(L·a)] | D3: P_V [g_biomass/(L·d)] | E3: Y_{X/C} [g_biomass/g_carbon] | F3: r_C [g/(L·d)] | G3: C_cap [kg_C/(L·a)] | H3: P_V [g_biomass/(L·d)] | I3: Y_{X/C} [g_biomass/g_carbon] | J3: r_C [g_C/(L·d)] | K3: Chassis / Reference
A4: CO2 | B4: Photoautotroph (aerobic, light-driven) | C4: =IFERROR($F4*Inputs!$C$3/1000,NA()) -> 0.13505 | D4: 0.37 | E4: 1 | F4: =IFERROR($D4/$E4,NA()) -> 0.37 | G4: =IFERROR($J4*Inputs!$C$3/1000,NA()) -> 0.6070387 | H4: 2.11 | I4: 1.2687 | J4: =IFERROR($H4/$I4,NA()) -> 1.6631197
A5: CO2 | B5: Lithoautotroph (aerobic, H2-oxidizer) | C5: =IFERROR($F5*Inputs!$C$3/1000,NA()) -> 1.679 | D5: 4.6 | E5: 1 | F5: =IFERROR($D5/$E5,NA()) -> 4.6 | G5: =IFERROR($J5*Inputs!$C$3/1000,NA()) -> 15.742729 | H5: 54.72 | I5: 1.2687 | J5: =IFERROR($H5/$I5,NA()) -> 43.130764
A6: CO | B6: Lithoautotroph (anaerobic, acetogen) | C6: =IFERROR($F6*Inputs!$C$3/1000,NA()) -> 5.3609375 | D6: 0.47 | E6: 0.032 | F6: =IFERROR($D6/$E6,NA()) -> 14.6875 | G6: =IFERROR($J6*Inputs!$C$3/1000,NA()) -> 1.5272368 | H6: 1.59 | I6: 0.38 | J6: =IFERROR($H6/$I6,NA()) -> 4.1842105
A7: CH4 | B7: Methanotroph (aerobic) | C7: =IFERROR($F7*Inputs!$C$3/1000,NA()) -> 0.14179856 | D7: 0.54 | E7: 1.39 | F7: =IFERROR($D7/$E7,NA()) -> 0.38848921 | G7: =IFERROR($J7*Inputs!$C$3/1000,NA()) -> 1.9705825 | H7: 5.57 | I7: 1.0317 | J7: =IFERROR($H7/$I7,NA()) -> 5.3988563
A8: VFAs | B8: Heterotroph (aerobic) | C8: =IFERROR($F8*Inputs!$C$3/1000,NA()) -> 0.42590078 | D8: 1.0525 | E8: 0.902 | F8: =IFERROR($D8/$E8,NA()) -> 1.1668514 | G8: =IFERROR($J8*Inputs!$C$3/1000,NA()) -> 2.8106029 | H8: 9.285 | I8: 1.2058 | J8: =IFERROR($H8/$I8,NA()) -> 7.700282
A9: Wet_Organics | B9: Heterotroph (aerobic) | C9: =IFERROR($F9*Inputs!$C$3/1000,NA()) -> #N/A | F9: =IFERROR($D9/$E9,NA()) -> #N/A | G9: =IFERROR($J9*Inputs!$C$3/1000,NA()) -> #N/A | J9: =IFERROR($H9/$I9,NA()) -> #N/A
A11: Wet_Organics | B11: Heterotroph (anaerobic) | C11: =IFERROR($F11*Inputs!$C$3/1000,NA()) -> 0.88695 | D11: 2.43 | E11: 1 | F11: =IFERROR($D11/$E11,NA()) -> 2.43 | G11: =IFERROR($J11*Inputs!$C$3/1000,NA()) -> 3.285 | H11: 9 | I11: 1 | J11: =IFERROR($H11/$I11,NA()) -> 9
A12: Cellulose | B12: Heterotroph (aerobic) | C12: =IFERROR($F12*Inputs!$C$3/1000,NA()) -> 0.26184783 | D12: 0.66 | E12: 0.92 | F12: =IFERROR($D12/$E12,NA()) -> 0.7173913 | G12: =IFERROR($J12*Inputs!$C$3/1000,NA()) -> 1.7804878 | H12: 6 | I12: 1.23 | J12: =IFERROR($H12/$I12,NA()) -> 4.8780488
A13: Polyesters | B13: Depolymerization + Heterotroph (aerobic) | C13: =IFERROR($F13*Inputs!$C$3/1000,NA()) -> 0.065078961 | D13: 0.035 | E13: 0.1963 | F13: =IFERROR($D13/$E13,NA()) -> 0.17829852 | G13: =IFERROR($J13*Inputs!$C$3/1000,NA()) -> 0.059242308 | H13: 0.0844 | I13: 0.52 | J13: =IFERROR($H13/$I13,NA()) -> 0.16230769
A14: Polyamides | B14: Depolymerization + Heterotroph (aerobic) | C14: =IFERROR($F14*Inputs!$C$3/1000,NA()) -> 0.0056153846 | D14: 0.01 | E14: 0.65 | F14: =IFERROR($D14/$E14,NA()) -> 0.015384615 | G14: =IFERROR($J14*Inputs!$C$3/1000,NA()) -> 0.39584507 | H14: 0.77 | I14: 0.71 | J14: =IFERROR($H14/$I14,NA()) -> 1.084507
A16: Allocated Carbon Streams vs Infrastructure Sizing (Scenario Comparison)
A17: Scenario | B17: Baseline | E17: Aspirational
A18: Mechanism | B18: Carbon Stream [kg_C/a] | C18: Reactor Volume [L] | D18: Biomass [kg/a] | E18: Carbon Stream [kg_C/a] | F18: Reactor Vol [L] | G18: Biomass [kg/a] | H18: Notes
A19: CO2 | Photoautotroph (aerobic) | B19: =Routing!H19 -> 255.35901 | C19: =IFERROR(B19/$C$4,NA()) -> 1890.8479 | D19: =B19*E4 -> 255.35901 | E19: =Routing!I19 -> 9.6761942 | F19: =IFERROR(E19/$G$4,NA()) -> 15.939996 | G19: =E19*I4 -> 12.276188
A20: CO2 | Lithoautotroph (aerobic) | B20: =Routing!H20 -> 85.11967 | C20: =IFERROR(B20/$C$5,NA()) -> 50.696647 | D20: =B20*E5 -> 85.11967 | E20: =Routing!I20 -> 29.028583 | F20: =IFERROR(E20/$G$5,NA()) -> 1.8439359 | G20: =E20*I5 -> 36.828563
A21: CO | Lithoautotroph (anaerobic) | B21: =Routing!H21 -> 37.453225 | C21: =IFERROR(B21/$C$6,NA()) -> 6.98632 | D21: =B21*E6 -> 1.1985032 | E21: =Routing!I21 -> 311.8648 | F21: =IFERROR(E21/$G$6,NA()) -> 204.20199 | G21: =E21*I6 -> 118.50862
A22: CH4 | Methanotroph (aerobic) | B22: =Routing!H22 -> 388.96525 | C22: =IFERROR(B22/$C$7,NA()) -> 2743.0832 | D22: =B22*E7 -> 540.66169 | E22: =Routing!I22 -> 1467.5903 | F22: =IFERROR(E22/$G$7,NA()) -> 744.74945 | G22: =E22*I7 -> 1514.1129
A23: VFAs | Heterotroph (aerobic) | B23: =Routing!H23 -> 166.59691 | C23: =IFERROR(B23/$C$8,NA()) -> 391.16367 | D23: =B23*E8 -> 150.27041 | E23: =Routing!I23 -> 122.11965 | F23: =IFERROR(E23/$G$8,NA()) -> 43.449628 | G23: =E23*I8 -> 147.25187
A24: Wet_Organics | Heterotroph (aerobic) | B24: =Routing!H24 -> 25.7094 | C24: =IFERROR(B24/$C$9,NA()) -> #N/A | D24: =B24*E9 -> 0 | E24: =Routing!I24 -> 42.849 | F24: =IFERROR(E24/$G$9,NA()) -> #N/A | G24: =E24*I9 -> 0
A26: Wet_Organics | Heterotroph (anaerobic) | B26: =NA() -> #N/A | C26: =IFERROR(Routing!B20/$C$11,NA()) -> 347.83562 | D26: =B26*E11 -> #N/A | E26: =NA() -> #N/A | F26: =IFERROR(Routing!C20/$G$11,NA()) -> 52.175342 | G26: =E26*I11 -> #N/A
A27: Cellulose | Enzymatic | B27: =Routing!H26 -> 614.24306 | C27: =IFERROR(B27/$C$12,NA()) -> 2345.8016 | D27: =B27*E12 -> 565.10362 | E27: =Routing!I26 -> 614.24306 | F27: =IFERROR(E27/$G$12,NA()) -> 344.98583 | G27: =E27*I12 -> 755.51896
A28: Polyesters | Biochemical | B28: =Routing!H27 -> 225.59205 | C28: =IFERROR(B28/$C$13,NA()) -> 3466.436 | D28: =B28*E13 -> 44.283719 | E28: =Routing!I27 -> 225.59205 | F28: =IFERROR(E28/$G$13,NA()) -> 3807.9551 | G28: =E28*I13 -> 117.30787
A29: Polyamides | Biochemical | B29: =Routing!H28 -> 80.54025 | C29: =IFERROR(B29/$C$14,NA()) -> 14342.784 | D29: =B29*E14 -> 52.351163 | E29: =Routing!I28 -> 80.54025 | F29: =IFERROR(E29/$G$14,NA()) -> 203.46407 | G29: =E29*I14 -> 57.183577
A31: C_cap = volumetric carbon processing capacity (kg_C·L⁻¹·a⁻¹)
A32: P_V = biomass volumetric productivity (g_biomass·L⁻¹·d⁻¹)
A33: Y_X/C = biomass yield on carbon (g_biomass·g_C⁻¹)
A34: r_C = volumetric carbon processing rate (g_C·L⁻¹·d⁻¹)

Sheet Scenarios
A1: Allocated Carbon Streams vs Infrastructure Sizing (Scenario Comparison) | N1: Global Carbon Stream Balancing [kg_C/a] / [%]
A3: Scenario / Model | B3: Baseline | C3: Theoretical | D3: Empirical | E3: Theoretical | F3: Empirical | G3: Aspirational | H3: Theoretical | I3: Empirical | J3: Theoretical | K3: Empirical | N3: Model | O3: Theoretical | S3: Empirical
A4: Mechanism | B4: Carbon Stream [kg_C/a] | C4: Biomass [kg/a] | E4: Reactor Volume [L] | G4: Carbon Stream [kg_C/a] | H4: Biomass [kg/a] | J4: Reactor Volume [L] | L4: Notes | N4: Scenario | O4: Conservative | Q4: Aggressive | S4: Conservative | U4: Aggressive | W4: Fate | X4: Notes
A5: CO2 | Photoautotroph (aerobic) | B5: =Routing!H19 -> 255.35901 | C5: =B5*Parameters!$C$30/Constants!$B$8 -> 279.29892 | D5: =B5*Empirical!E4 -> 255.35901 | E5: =IFERROR(B5/Theoretical!C4,NA()) -> 4664.0915 | F5: =IFERROR(B5/Empirical!C4,NA()) -> 1890.8479 | G5: =Routing!I19 -> 9.6761942 | H5: =G5*Parameters!$D$30/Constants!$B$8 -> 12.275769 | I5: =G5*Empirical!I4 -> 12.276188 | J5: =IFERROR(G5/Theoretical!G4,NA()) -> 25.247734 | K5: =IFERROR(G5/Empirical!G4,NA()) -> 15.939996 | N5: Throughput | O5: =B16 -> 1888.1486 | P5: =O5/SUM(O6:O9) -> 0.54417373 | Q5: =G16 -> 3032.0508 | R5: =Q5/SUM(Q6:Q9) -> 0.87385199 | S5: =B16 -> 1888.1486 | T5: =S5/SUM(S6:S9) -> 0.54417373 | U5: =G16 -> 3032.0508 | V5: =U5/SUM(U6:U9) -> 0.87385199 | W5: Converted | X5: Total carbon throughput across all bioprocesses.
A6: CO2 | Lithoautotroph (aerobic) | B6: =Routing!H20 -> 85.11967 | C6: =B6*Parameters!$C$31/Constants!$B$8 -> 103.17536 | D6: =B6*Empirical!E5 -> 85.11967 | E6: =IFERROR(B6/Theoretical!C5,NA()) -> 878.39004 | F6: =IFERROR(B6/Empirical!C5,NA()) -> 50.696647 | G6: =Routing!I20 -> 29.028583 | H6: =G6*Parameters!$D$31/Constants!$B$8 -> 36.827306 | I6: =G6*Empirical!I5 -> 36.828563 | J6: =IFERROR(G6/Theoretical!G5,NA()) -> 24.890753 | K6: =IFERROR(G6/Empirical!G5,NA()) -> 1.8439359 | N6: Biomass | O6: =C16*Constants!$B$8 -> 846.51846 | P6: =O6/SUM(O6:O9) -> 0.24397079 | Q6: =H16*Constants!$B$8 -> 1459.3641 | R6: =Q6/SUM(Q6:Q9) -> 0.42059592 | S6: =D16*Constants!$B$8 -> 847.17389 | T6: =S6/SUM(S6:S9) -> 0.24415969 | U6: =I16*Constants!$B$8 -> 1379.4943 | V6: =U6/SUM(U6:U9) -> 0.39757704 | W6: Fixed | X6: Total carbon fixed into microbial biomass across all bioprocesses.
A7: CO | Lithoautotroph (anaerobic) | B7: =Routing!H21 -> 37.453225 | C7: =B7*Parameters!$C$32/Constants!$B$8 -> 10.599969 | D7: =B7*Empirical!E6 -> 1.1985032 | E7: =IFERROR(B7/Theoretical!C6,NA()) -> 64.863255 | F7: =IFERROR(B7/Empirical!C6,NA()) -> 6.98632 | G7: =Routing!I21 -> 311.8648 | H7: =G7*Parameters!$D$32/Constants!$B$8 -> 115.50548 | I7: =G7*Empirical!I6 -> 118.50862 | J7: =IFERROR(G7/Theoretical!G6,NA()) -> 40.507659 | K7: =IFERROR(G7/Empirical!G6,NA()) -> 204.20199 | N7: CO₂e | O7: =O5-O6+Routing!B39 -> 1075.678 | P7: =O7/SUM(O6:O9) -> 0.31001571 | Q7: =Q5-Q6+Routing!C39 -> 1572.6868 | R7: =Q7/SUM(Q6:Q9) -> 0.45325607 | S7: =S5-S6+Routing!B39 -> 1075.0226 | T7: =S7/SUM(S6:S9) -> 0.30982681 | U7: =U5-U6+Routing!C39 -> 1652.5566 | V7: =U7/SUM(U6:U9) -> 0.47627495 | W7: Recoverable | X7: Non-biomass carbon byproducts from bioconversions, expressed as CO₂ equivalent.
A8: CH4 | Methanotroph (aerobic) | B8: =Routing!H22 -> 388.96525 | C8: =B8*Parameters!$C$33/Constants!$B$8 -> 350.70637 | D8: =B8*Empirical!E7 -> 540.66169 | E8: =IFERROR(B8/Theoretical!C7,NA()) -> 726.03181 | F8: =IFERROR(B8/Empirical!C7,NA()) -> 2743.0832 | G8: =Routing!I22 -> 1467.5903 | H8: =G8*Parameters!$D$33/Constants!$B$8 -> 1514.1804 | I8: =G8*Empirical!I7 -> 1514.1129 | J8: =IFERROR(G8/Theoretical!G7,NA()) -> 513.63066 | K8: =IFERROR(G8/Empirical!G7,NA()) -> 744.74945 | N8: Residual Solids | O8: =Routing!B37+Routing!B38 -> 73.436965 | P8: =O8/SUM(O6:O9) -> 0.021164895 | Q8: =Routing!C37+Routing!C38 -> 273.91138 | R8: =Q8/SUM(Q6:Q9) -> 0.078942608 | S8: =Routing!B37+Routing!B38 -> 73.436965 | T8: =S8/SUM(S6:S9) -> 0.021164895 | U8: =Routing!C37+Routing!C38 -> 273.91138 | V8: =U8/SUM(U6:U9) -> 0.078942608 | W8: Terminal | X8: AD sludge (proteinaceous and lipid-associated cell wall polymers) and pyrolysis char (graphitic carbon).
A9: VFAs | Heterotroph | B9: =Routing!H23 -> 166.59691 | C9: =B9*Parameters!$C$34/Constants!$B$8 -> 150.21033 | D9: =B9*Empirical!E8 -> 150.27041 | E9: =IFERROR(B9/Theoretical!C8,NA()) -> 103.65507 | F9: =IFERROR(B9/Empirical!C8,NA()) -> 391.16367 | G9: =Routing!I23 -> 122.11965 | H9: =G9*Parameters!$D$34/Constants!$B$8 -> 125.99646 | I9: =G9*Empirical!I8 -> 147.25187 | J9: =IFERROR(G9/Theoretical!G8,NA()) -> 17.095888 | K9: =IFERROR(G9/Empirical!G8,NA()) -> 43.449628 | N9: Remaining Plastics | O9: =Routing!B36 -> 1474.1199 | P9: =O9/SUM(O6:O9) -> 0.42484861 | Q9: =Routing!C36 -> 163.7911 | R9: =Q9/SUM(Q6:Q9) -> 0.047205401 | S9: =Routing!B36 -> 1474.1199 | T9: =S9/SUM(S6:S9) -> 0.42484861 | U9: =Routing!C36 -> 163.7911 | V9: =U9/SUM(U6:U9) -> 0.047205401 | W9: Unconverted | X9: Plastics excluded from pyrolysis routing due to process incompatibility or chemical hazard (e.g., polyaramides, PVC).
A10: Wet_Organics | Heterotroph | B10: =Routing!H24 -> 25.7094 | C10: =B10*Parameters!$C$34/Constants!$B$8 -> 23.180607 | D10: =B10*Empirical!E9 -> 0 | E10: =IFERROR(B10/Theoretical!C9,NA()) -> 15.996153 | F10: =IFERROR(B10/Empirical!C9,NA()) -> #N/A | G10: =Routing!I24 -> 42.849 | H10: =G10*Parameters!$D$34/Constants!$B$8 -> 44.209286 | I10: =G10*Empirical!I9 -> 0 | J10: =IFERROR(G10/Theoretical!G9,NA()) -> 5.9985572 | K10: =IFERROR(G10/Empirical!G9,NA()) -> #N/A | N10: Combined Terminal | O10: =O8+O9 -> 1547.5568 | P10: =O10/SUM(O6:O9) -> 0.4460135 | Q10: =Q8+Q9 -> 437.70247 | R10: =Q10/SUM(Q6:Q9) -> 0.12614801 | S10: =S8+S9 -> 1547.5568 | T10: =S10/SUM(S6:S9) -> 0.4460135 | U10: =U8+U9 -> 437.70247 | V10: =U10/SUM(U6:U9) -> 0.12614801 | W10: Lost | X10: Conversion residues (AD sludge + pyrolysis char) and pyrolysis-incompatible recalcitrant plastics.
A11: Wet_Organics | Mixotroph (aerobic) | B11: =Routing!H25 -> 8.5698 | C11: =B11*(Parameters!$C$34/Constants!$B$8)*(1+Parameters!$C$37) -> 8.8858992 | D11: =B11*Empirical!E9*(1+Parameters!$C$37) -> 0 | E11: =IFERROR(B11/Theoretical!C10,NA()) -> 5.3320508 | F11: =IFERROR(B11/Empirical!C9,NA()) -> #N/A | G11: =Routing!I25 -> 128.547 | H11: =G11*(Parameters!$D$34/Constants!$B$8)*(1+Parameters!$D$37) -> 179.04761 | I11: =G11*Empirical!I9*(1+Parameters!$D$37) -> 0 | J11: =IFERROR(G11/Theoretical!G10,NA()) -> 17.995672 | K11: =IFERROR(G11/Empirical!G9,NA()) -> #N/A | N11: Check-Sum | O11: =IF(ABS(ROUND(SUM(O6:O9),0)-ROUND(Inputs!$C$12,0))=0,"OK","VIOLATION") -> OK | P11: =IF(ABS(ROUND(SUM(P6:P9),0)-ROUND(SUM(P5+P10),0))=0,"OK","VIOLATION") -> OK | Q11: =IF(ABS(ROUND(SUM(Q6:Q9),0)-ROUND(Inputs!$C$12,0))=0,"OK","VIOLATION") -> OK | R11: =IF(ABS(ROUND(SUM(R6:R9),0)-ROUND(SUM(R5+R10),0))=0,"OK","VIOLATION") -> OK | S11: =IF(ABS(ROUND(SUM(S6:S9),0)-ROUND(Inputs!$C$12,0))=0,"OK","VIOLATION") -> OK | T11: =IF(ABS(ROUND(SUM(T6:T9),0)-ROUND(SUM(T5+T10),0))=0,"OK","VIOLATION") -> OK | U11: =IF(ABS(ROUND(SUM(U6:U9),0)-ROUND(Inputs!$C$12,0))=0,"OK","VIOLATION") -> OK | V11: =IF(ABS(ROUND(SUM(V6:V9),0)-ROUND(SUM(V5+V10),0))=0,"OK","VIOLATION") -> OK
A12: Wet_Organics | Heterotroph (anaerobic) | B12: =NA() -> #N/A | C12: 0 | D12: =B12*Empirical!E11 -> #N/A | E12: =IFERROR(Routing!B20/Theoretical!C11,NA()) -> 1690.4811 | F12: =IFERROR(Routing!B20/Empirical!C11,NA()) -> 347.83562 | G12: =NA() -> #N/A | H12: 0 | I12: =G12*Empirical!I11 -> #N/A | J12: =IFERROR(Routing!C20/Theoretical!G11,NA()) -> 234.78904 | K12: =IFERROR(Routing!C20/Empirical!G11,NA()) -> 52.175342
A13: Cellulose | Enzymatic | B13: =Routing!H26 -> 614.24306 | C13: =B13*Parameters!$C$35/Constants!$B$8 -> 511.86922 | D13: =B13*Empirical!E12 -> 565.10362 | E13: =IFERROR(B13/Theoretical!C12,NA()) -> 1529.8706 | F13: =IFERROR(B13/Empirical!C12,NA()) -> 2345.8016 | G13: =Routing!I26 -> 614.24306 | H13: =G13*Parameters!$D$35/Constants!$B$8 -> 594.42877 | I13: =G13*Empirical!I12 -> 755.51896 | J13: =IFERROR(G13/Theoretical!G12,NA()) -> 210.25777 | K13: =IFERROR(G13/Empirical!G12,NA()) -> 344.98583
A14: Polyesters | Biochemical | B14: =Routing!H27 -> 225.59205 | C14: =B14*Parameters!$C$35/Constants!$B$8 -> 187.99337 | D14: =B14*Empirical!E13 -> 44.283719 | E14: =IFERROR(B14/Theoretical!C13,NA()) -> 1329.1622 | F14: =IFERROR(B14/Empirical!C13,NA()) -> 3466.436 | G14: =Routing!I27 -> 225.59205 | H14: =G14*Parameters!$D$35/Constants!$B$8 -> 218.31489 | I14: =G14*Empirical!I13 -> 117.30787 | J14: =IFERROR(G14/Theoretical!G13,NA()) -> 82.353592 | K14: =IFERROR(G14/Empirical!G13,NA()) -> 3807.9551
A15: Polyamides | Biochemical | B15: =Routing!H28 -> 80.54025 | C15: =B15*Parameters!$C$35/Constants!$B$8 -> 67.116875 | D15: =B15*Empirical!E14 -> 52.351163 | E15: =IFERROR(B15/Theoretical!C14,NA()) -> 2372.669 | F15: =IFERROR(B15/Empirical!C14,NA()) -> 14342.784 | G15: =Routing!I28 -> 80.54025 | H15: =G15*Parameters!$D$35/Constants!$B$8 -> 77.942177 | I15: =G15*Empirical!I14 -> 57.183577 | J15: =IFERROR(G15/Theoretical!G14,NA()) -> 147.00826 | K15: =IFERROR(G15/Empirical!G14,NA()) -> 203.46407
A16: Total | B16: =_xlfn.AGGREGATE(9,6,B5:B15) -> 1888.1486 | C16: =_xlfn.AGGREGATE(9,6,C5:C15) -> 1693.0369 | D16: =_xlfn.AGGREGATE(9,6,D5:D15) -> 1694.3478 | E16: =_xlfn.AGGREGATE(9,6,E5:E15) -> 13380.543 | F16: =_xlfn.AGGREGATE(9,6,F5:F15) -> 25585.635 | G16: =_xlfn.AGGREGATE(9,6,G5:G15) -> 3032.0508 | H16: =_xlfn.AGGREGATE(9,6,H5:H15) -> 2918.7282 | I16: =_xlfn.AGGREGATE(9,6,I5:I15) -> 2758.9885 | ... K16: =_xlfn.AGGREGATE(9,6,K5:K15) -> 5418.7654 | L16: Total carbon throughput / required real estate (volume)
A18: C_cap = volumetric carbon processing capacity (kg_C·L⁻¹·a⁻¹)
A19: P_V = biomass volumetric productivity (g_biomass·L⁻¹·d⁻¹)
A20: Y_X/C = biomass yield on carbon (g_biomass·g_C⁻¹)
A21: r_C = volumetric carbon processing rate (g_C·L⁻¹·d⁻¹)

Sheet Volume_Limited
A1: Volume-Limited Processing Capacity
A2: Carbon a bioreactor of given size can process per year, per route. Use when habitable volume, mass, or budget caps the installed reactor volume: the Scenarios sheet answers "how much volume do I need", this sheet answers "what can I process with the volume I have".
A3: Baseline scenario, Empirical model. Capacity = installed volume x r_C x operating days; processed carbon is capped at the available stream.
A4: Substrate | B4: Metabolic Mode | C4: Installed Volume [L] | D4: Operating Days [d/a] | E4: Capacity [kg_C/a] | F4: Carbon Stream [kg_C/a] | G4: Processed [kg_C/a] | H4: Fraction Processed | I4: Unprocessed [kg_C/a] | J4: Volume for Full Stream [L]
A5: =Empirical!A4 -> CO2 | B5: =Empirical!B4 -> Photoautotroph (aerobic, light-driven) | C5: 200 | D5: =Inputs!$C$3 -> 365 | E5: =IFERROR(C5*Empirical!F4/1000*D5,NA()) -> 27.01 | F5: =IFERROR(Empirical!B19,NA()) -> 255.35901 | G5: =IFERROR(MIN(E5,F5),NA()) -> 27.01 | H5: =IFERROR(MIN(1,G5/F5),NA()) -> 0.10577265 | I5: =IFERROR(MAX(F5-G5,0),NA()) -> 228.34901 | J5: =IFERROR(Empirical!C19,NA()) -> 1890.8479
A6: =Empirical!A5 -> CO2 | B6: =Empirical!B5 -> Lithoautotroph (aerobic, H2-oxidizer) | C6: 200 | D6: =Inputs!$C$3 -> 365 | E6: =IFERROR(C6*Empirical!F5/1000*D6,NA()) -> 335.8 | F6: =IFERROR(Empirical!B20,NA()) -> 85.11967 | G6: =IFERROR(MIN(E6,F6),NA()) -> 85.11967 | H6: =IFERROR(MIN(1,G6/F6),NA()) -> 1 | I6: =IFERROR(MAX(F6-G6,0),NA()) -> 0 | J6: =IFERROR(Empirical!C20,NA()) -> 50.696647
A7: =Empirical!A6 -> CO | B7: =Empirical!B6 -> Lithoautotroph (anaerobic, acetogen) | C7: 200 | D7: =Inputs!$C$3 -> 365 | E7: =IFERROR(C7*Empirical!F6/1000*D7,NA()) -> 1072.1875 | F7: =IFERROR(Empirical!B21,NA()) -> 37.453225 | G7: =IFERROR(MIN(E7,F7),NA()) -> 37.453225 | H7: =IFERROR(MIN(1,G7/F7),NA()) -> 1 | I7: =IFERROR(MAX(F7-G7,0),NA()) -> 0 | J7: =IFERROR(Empirical!C21,NA()) -> 6.98632
A8: =Empirical!A7 -> CH4 | B8: =Empirical!B7 -> Methanotroph (aerobic) | C8: 200 | D8: =Inputs!$C$3 -> 365 | E8: =IFERROR(C8*Empirical!F7/1000*D8,NA()) -> 28.359712 | F8: =IFERROR(Empirical!B22,NA()) -> 388.96525 | G8: =IFERROR(MIN(E8,F8),NA()) -> 28.359712 | H8: =IFERROR(MIN(1,G8/F8),NA()) -> 0.072910658 | I8: =IFERROR(MAX(F8-G8,0),NA()) -> 360.60553 | J8: =IFERROR(Empirical!C22,NA()) -> 2743.0832
A9: =Empirical!A8 -> VFAs | B9: =Empirical!B8 -> Heterotroph (aerobic) | C9: 200 | D9: =Inputs!$C$3 -> 365 | E9: =IFERROR(C9*Empirical!F8/1000*D9,NA()) -> 85.180155 | F9: =IFERROR(Empirical!B23,NA()) -> 166.59691 | G9: =IFERROR(MIN(E9,F9),NA()) -> 85.180155 | H9: =IFERROR(MIN(1,G9/F9),NA()) -> 0.51129492 | I9: =IFERROR(MAX(F9-G9,0),NA()) -> 81.416757 | J9: =IFERROR(Empirical!C23,NA()) -> 391.16367
A10: =Empirical!A9 -> Wet_Organics | B10: =Empirical!B9 -> Heterotroph (aerobic) | C10: 200 | D10: =Inputs!$C$3 -> 365 | E10: =IFERROR(C10*Empirical!F9/1000*D10,NA()) -> #N/A | F10: =IFERROR(Empirical!B24,NA()) -> 25.7094 | G10: =IFERROR(MIN(E10,F10),NA()) -> #N/A | H10: =IFERROR(MIN(1,G10/F10),NA()) -> #N/A | I10: =IFERROR(MAX(F10-G10,0),NA()) -> #N/A | J10: =IFERROR(Empirical!C24,NA()) -> #N/A
A11: =Empirical!A11 -> Wet_Organics | B11: =Empirical!B11 -> Heterotroph (anaerobic) | C11: 200 | D11: =Inputs!$C$3 -> 365 | E11: =IFERROR(C11*Empirical!F11/1000*D11,NA()) -> 177.39 | F11: =IFERROR(Empirical!B26,NA()) -> #N/A | G11: =IFERROR(MIN(E11,F11),NA()) -> #N/A | H11: =IFERROR(MIN(1,G11/F11),NA()) -> #N/A | I11: =IFERROR(MAX(F11-G11,0),NA()) -> #N/A | J11: =IFERROR(Empirical!C26,NA()) -> 347.83562
A12: =Empirical!A12 -> Cellulose | B12: =Empirical!B12 -> Heterotroph (aerobic) | C12: 200 | D12: =Inputs!$C$3 -> 365 | E12: =IFERROR(C12*Empirical!F12/1000*D12,NA()) -> 52.369565 | F12: =IFERROR(Empirical!B27,NA()) -> 614.24306 | G12: =IFERROR(MIN(E12,F12),NA()) -> 52.369565 | H12: =IFERROR(MIN(1,G12/F12),NA()) -> 0.085258701 | I12: =IFERROR(MAX(F12-G12,0),NA()) -> 561.87349 | J12: =IFERROR(Empirical!C27,NA()) -> 2345.8016
A13: =Empirical!A13 -> Polyesters | B13: =Empirical!B13 -> Depolymerization + Heterotroph (aerobic) | C13: 200 | D13: =Inputs!$C$3 -> 365 | E13: =IFERROR(C13*Empirical!F13/1000*D13,NA()) -> 13.015792 | F13: =IFERROR(Empirical!B28,NA()) -> 225.59205 | G13: =IFERROR(MIN(E13,F13),NA()) -> 13.015792 | H13: =IFERROR(MIN(1,G13/F13),NA()) -> 0.057696147 | I13: =IFERROR(MAX(F13-G13,0),NA()) -> 212.57626 | J13: =IFERROR(Empirical!C28,NA()) -> 3466.436
A14: =Empirical!A14 -> Polyamides | B14: =Empirical!B14 -> Depolymerization + Heterotroph (aerobic) | C14: 200 | D14: =Inputs!$C$3 -> 365 | E14: =IFERROR(C14*Empirical!F14/1000*D14,NA()) -> 1.1230769 | F14: =IFERROR(Empirical!B29,NA()) -> 80.54025 | G14: =IFERROR(MIN(E14,F14),NA()) -> 1.1230769 | H14: =IFERROR(MIN(1,G14/F14),NA()) -> 0.013944294 | I14: =IFERROR(MAX(F14-G14,0),NA()) -> 79.417173 | J14: =IFERROR(Empirical!C29,NA()) -> 14342.784
B15: Total | C15: =SUMIF(C5:C14,"<1E308") -> 2000 | E15: =SUMIF(E5:E14,"<1E308") -> 1792.4358 | F15: =SUMIF(F5:F14,"<1E308") -> 1879.5788 | G15: =SUMIF(G5:G14,"<1E308") -> 329.6312 | H15: =IFERROR(G15/F15,NA()) -> 0.17537503 | I15: =SUMIF(I5:I14,"<1E308") -> 1524.2382 | J15: =SUMIF(J5:J14,"<1E308") -> 25585.635
A17: Notes: r_C, carbon streams and full-stream volumes are read from the Empirical sheet, so this sheet follows any change to the chassis parameters. Routes with no empirical parameterization return #N/A by design (wet organics aerobic has no reported chassis; the anaerobic unit is an interconversion step whose carbon is accounted downstream) and are excluded from the totals. "Volume for Full Stream" is the volume the Scenarios sheet requires for the whole stream, shown for comparison. Depolymerization-limited routes give the least carbon per litre installed.
